overall_accuracy,phoneme_mismatch_rate,accuracy_by_tag.greeting,accuracy_by_tag.food,accuracy_by_tag.travel,accuracy_by_tag.shopping,accuracy_by_tag.office,accuracy_by_modality.text,accuracy_by_modality.audio,accuracy_by_modality.speech,pronunciation_errors.ق,pronunciation_errors.ج,label
0.412362035654209,0.980285722563967,0.519598182543422,0.479597545259111,0.346805592132731,0.346798356100861,0.31742508365046,0.559852843732481,0.480334503522963,0.512421773338814,g,y,Pearl Seeker
0.590972955648598,0.932977056320169,0.363701733203483,0.35454749016213,0.35502135295603,0.391272672887861,0.457426929489671,0.429583505592635,0.387368742059413,0.483555868416714,g,j,Pearl Seeker
0.387643394560565,0.746544737317477,0.436820995265111,0.535552788417904,0.359902134647508,0.454270331524083,0.477724370658613,0.313935123815999,0.482263455570432,0.351157237106187,q,j,Pearl Seeker
0.584665661176,0.986252813229824,0.542519204434938,0.391384130752011,0.329301634201915,0.505269907953647,0.43204574812188,0.336611470453434,0.448553073033381,0.310316556334566,g,y,Pearl Seeker
0.377633994480005,0.865008913741593,0.393513322826823,0.456020406353343,0.464013083802984,0.355456336657658,0.590875388329368,0.532539847008334,0.581849682469257,0.568448205128295,g,y,Pearl Seeker
0.576562270506935,0.635397000820768,0.358794858725744,0.313568186673161,0.397599099228979,0.416603186906845,0.381404709532169,0.548621252745579,0.407025998008077,0.384280352906214,g,y,Pearl Seeker
0.388882051711225,0.666106775625201,0.304690922022358,0.427020444211911,0.418464455452671,0.388046452415411,0.304223946814525,0.359652721226642,0.513402585824595,0.537052662159362,q,y,Pearl Seeker
0.577890263554005,0.860430810200778,0.574487902663134,0.55501157333694,0.434835202241461,0.328623034947123,0.41124547565948,0.500652375799082,0.499776706985249,0.477389336312318,g,y,Pearl Seeker
0.46837302775431,0.753170749901516,0.591513628616731,0.554674147279825,0.516518856349462,0.370795475924687,0.376820496828397,0.312130076861529,0.513198866905736,0.333267246243549,g,y,Pearl Seeker
0.30942875570602,0.854564164505512,0.394306794322898,0.452571207349411,0.572269942177828,0.374787668744662,0.423114876910689,0.526665341562915,0.368639449647487,0.323093972948638,q,y,Pearl Seeker
0.348366386176201,0.971879060937029,0.542436113869325,0.490021126953127,0.561438177056315,0.541101623069734,0.355971017665811,0.567767699546993,0.461802672574695,0.542232046549219,g,y,Pearl Seeker
0.572048532463726,0.708852899753854,0.494307036162409,0.300156113098595,0.405770656900251,0.391434377447409,0.349396755942883,0.460226825812633,0.445448991407695,0.507730809867081,g,j,Pearl Seeker
0.373237656674332,0.667316416869172,0.365629265871921,0.467430600605202,0.421150851317412,0.319467674132694,0.376174624180303,0.37406281885158,0.508891281851936,0.513681176977333,g,y,Pearl Seeker
0.599322145514683,0.706712405710114,0.592984486749796,0.423311103995469,0.309915219870165,0.403521374408005,0.490305403410409,0.50421163546643,0.459280374995141,0.434334949371928,g,j,Pearl Seeker
0.477809017163818,0.632341330533086,0.410896336818421,0.372647981483228,0.540941926913969,0.441090190333811,0.595026942268453,0.419647332733366,0.544929561965815,0.539503537495365,g,j,Pearl Seeker
0.452459633022216,0.878325122716353,0.557507641444116,0.397787671560565,0.366072314269664,0.513344859731405,0.542850313841915,0.404599796187519,0.328852965327426,0.582156979346881,q,j,Pearl Seeker
0.551313031772198,0.870276046815712,0.520564835772232,0.362721486221314,0.46243439214827,0.508735319803525,0.36856500653919,0.352486478128781,0.594650502998831,0.454990767381304,g,j,Pearl Seeker
0.598876109927377,0.986167740515518,0.467488036082129,0.564790902956802,0.356612132502414,0.383661405777655,0.510107348991831,0.553998342671492,0.556897287563428,0.421352438136657,g,j,Pearl Seeker
0.555278534630254,0.974253997688379,0.535602195334183,0.500696476414269,0.474205986430936,0.411684829968523,0.582040032737334,0.592099151026595,0.38517629242124,0.391609158103318,g,j,Pearl Seeker
0.434527242895874,0.997782985044328,0.352777575803204,0.305422609084656,0.44816811455503,0.353646812766399,0.409940635374858,0.523251156916969,0.516281977275639,0.392418237555717,q,y,Pearl Seeker
0.490899785455769,0.700184727442234,0.476961254268163,0.593667857482503,0.446022645887837,0.571829636315566,0.430318309653129,0.405023522308403,0.493531008609169,0.50067721789893,g,y,Pearl Seeker
0.369055580472467,0.799677351953901,0.471601259762755,0.530566204291893,0.31308113152633,0.598365153239202,0.440983354197283,0.383868102539028,0.565048206679878,0.524315632169224,g,j,Pearl Seeker
0.399225091401154,0.821105986734196,0.471687740751251,0.594099475114814,0.322603876801838,0.391709105786155,0.357273309345104,0.380542457067047,0.445583962282895,0.411806060128215,g,y,Pearl Seeker
0.553263942217893,0.972006733924333,0.321124839254863,0.362675615284608,0.501343055047215,0.407594034388849,0.376249094720922,0.388587176525682,0.39676522927158,0.554600938477402,g,y,Pearl Seeker
0.512673299073036,0.821127990763163,0.38895304309434,0.425934256933883,0.376862083078337,0.483454113259704,0.324478254120072,0.301555458832196,0.488368324484591,0.358282186053613,g,j,Pearl Seeker
0.315230559311819,0.954646859580264,0.308285031562111,0.473659468652268,0.431542236905426,0.50160784058856,0.39844580024242,0.346512485018323,0.594552266493159,0.551680050620809,g,j,Pearl Seeker
0.375075408154759,0.615533893771769,0.390979654401967,0.461124728158997,0.397995372538812,0.548360701136277,0.381462874745923,0.589575549117231,0.437179548484119,0.552606922503594,g,y,Pearl Seeker
0.509853663230158,0.655341236967121,0.339823626672891,0.590861060134248,0.514378531253986,0.312320255030363,0.419646270433438,0.430056221274223,0.523212792899735,0.375258158203998,g,y,Pearl Seeker
0.324261889985159,0.771325789976043,0.50654997022961,0.317458078652533,0.574564118287944,0.432705668919331,0.371936207747221,0.328161987024388,0.354859799132192,0.580384199201913,g,j,Pearl Seeker
0.45500887722797,0.862844531400067,0.430701869603367,0.519011794968546,0.314314838307495,0.469811163148223,0.347593934292747,0.336049394341693,0.402563900014921,0.327539719744033,q,y,Pearl Seeker
0.393423992817388,0.991804211448603,0.352599080966802,0.305148330549525,0.529009326901173,0.542073893115234,0.40389129632682,0.439402143881883,0.494932104792829,0.31441767725911,g,y,Pearl Seeker
0.566004116189414,0.704357449336686,0.304591362087115,0.580030892423845,0.450311965174578,0.461813234520019,0.505189130819442,0.484755349316974,0.583167481368227,0.58327547913755,q,j,Pearl Seeker
0.472642253362764,0.755267970482609,0.492986465532706,0.437475867147455,0.46368503679478,0.582439442632958,0.415830791340232,0.588357169147174,0.571605192586819,0.358737340436789,g,j,Pearl Seeker
0.330233400413228,0.60728873026062,0.328332888226779,0.504902032024907,0.321356594538069,0.395692689088128,0.553462593290836,0.306981580720748,0.544340544776681,0.38455643243202,g,y,Pearl Seeker
0.404500981335959,0.974659260742283,0.311755898002694,0.425383809514674,0.590274165456074,0.464391564974426,0.427041282692436,0.470556085124988,0.472777372577425,0.519494326589892,g,y,Pearl Seeker
0.532923888222599,0.736321416101207,0.57922719768107,0.557523825552904,0.428698208212506,0.525261320337449,0.526362862225405,0.33093716065078,0.57076587200387,0.451575711734357,g,j,Pearl Seeker
0.389290552352793,0.639993954864745,0.316045589024211,0.58756244906496,0.554142943228677,0.406471557138816,0.587040265537937,0.503030971327291,0.444756284892793,0.447907697331541,g,y,Pearl Seeker
0.387963231509419,0.731465818147966,0.501755536823112,0.525712358831304,0.537473713117755,0.536885442838366,0.327361830914607,0.448326091410774,0.317267628004993,0.464858664697121,g,y,Pearl Seeker
0.56631125482749,0.740366005020832,0.335120104928282,0.342897504615851,0.528453189515242,0.485465418994878,0.330336802836837,0.325232041834499,0.510290739437736,0.321828901909258,g,y,Pearl Seeker
0.511872668146949,0.63253951225676,0.325451314225558,0.595991873550353,0.412281238726836,0.411192644120067,0.543839870177251,0.584174573215158,0.595800319146861,0.526013455577683,g,j,Pearl Seeker
0.325050215009601,0.910858766370975,0.467521274920741,0.427266602774093,0.571906315528421,0.333359244691845,0.447787531287258,0.303406093430226,0.440598192598238,0.316890982704551,g,y,Pearl Seeker
0.494763090634819,0.898417951706169,0.475010629529148,0.588651764542363,0.412461173857111,0.385713625884558,0.560579738456838,0.367078751555836,0.588966761832183,0.303646342406945,g,y,Pearl Seeker
0.396805916483275,0.617360313319269,0.577392999067079,0.575734714583598,0.375897050396772,0.508623336931994,0.322630364126931,0.349864629572776,0.365042731975947,0.388348184051829,g,y,Pearl Seeker
0.509077516759144,0.753680732551688,0.521130211752906,0.574576302500732,0.587610722222354,0.317359169327312,0.418356539582439,0.332026819780765,0.400698019439089,0.35090397116867,g,j,Pearl Seeker
0.406005668407816,0.833462444740349,0.323320391089495,0.59231844229985,0.595863223343881,0.509448514205924,0.460828909903236,0.392858284885898,0.544138505912085,0.505419351766164,g,y,Pearl Seeker
0.573278155348153,0.929014897169268,0.584939973987577,0.517715852516508,0.484024558780737,0.425472910887186,0.579818545006204,0.559819166850123,0.313565601031857,0.307910092349176,g,j,Pearl Seeker
0.54316599923455,0.994910451725978,0.345125067331058,0.478239214605641,0.414267256989306,0.590974319344381,0.552635676940713,0.551498611413341,0.440607947938491,0.4244458507013,g,y,Pearl Seeker
0.316912648995278,0.945888950502021,0.543870302739023,0.599915301985839,0.598991051122172,0.466629511680788,0.530696224554153,0.583429718964728,0.554894217203223,0.374204430522959,g,y,Pearl Seeker
0.338747824545449,0.981620410903489,0.481852390335264,0.368592841651039,0.501510205321757,0.485438472137369,0.407448815409852,0.334067277659889,0.50147195867784,0.456092310271138,g,y,Pearl Seeker
0.456049050333598,0.940872600127416,0.465572051632346,0.468281391460616,0.562996080797503,0.421044859863719,0.340204568535192,0.308634802894002,0.526541176702086,0.486092865406039,g,y,Pearl Seeker
0.542592832301782,0.240911442676031,0.702908933133576,0.770117511761319,0.817983537370927,0.778448809019946,0.287494984404746,0.78083173889875,0.66965109340466,0.702797897831962,q,ch,Pearl Seeker
0.656730602548229,0.318962834696381,0.824417340045575,0.872472741749349,0.889904124731529,0.729414696185808,0.385317525032299,0.698423258615908,0.651648877659792,0.691827151247652,q,ch,Pearl Seeker
0.696006515057095,0.347785428197861,0.765750322057502,0.826680170863345,0.748029123755639,0.715172665621733,0.22577594438213,0.625609167791555,0.630380538702459,0.627765434529882,q,ch,Pearl Seeker
0.628174948960643,0.254564025319744,0.769133456664773,0.879357681981202,0.794792328052575,0.833511547704205,0.234463974240326,0.638457803761734,0.608173723253296,0.633787012614433,q,ch,Pearl Seeker
0.555718067806392,0.253103145283024,0.717740506751411,0.72412717422012,0.792155753606545,0.741266743681158,0.272853972209615,0.700683454170971,0.738078965725873,0.60786242796822,q,ch,Pearl Seeker
0.659882079781809,0.388370116847272,0.716351806389774,0.874715724821356,0.884174480106363,0.712215591970973,0.255375529629441,0.761240255958612,0.749651938076732,0.636904203871275,q,ch,Pearl Seeker
0.541869864667342,0.311141630837415,0.796904597038204,0.823650954306059,0.773782727913954,0.79250694322663,0.349494187626751,0.60733664057812,0.650487388868804,0.742669917176911,q,ch,Open Sea Navigator
0.67904136753744,0.3535032326347,0.806422697053063,0.721434402267955,0.789482473364691,0.806523453291005,0.248494100726946,0.653848646189876,0.675456832620925,0.604014239555545,q,ch,Pearl Seeker
0.564415833116636,0.263434402098963,0.765499470435583,0.72395242636385,0.878105456147979,0.81871849071081,0.335820463828898,0.757834247721468,0.699688439785811,0.617384057617485,q,ch,Pearl Seeker
0.60742130836371,0.376052335406264,0.849087894836866,0.786331909245936,0.725516060559113,0.756755181159745,0.272616459279727,0.72918344826632,0.714155660933782,0.671219345179569,q,ch,Pearl Seeker
0.697303049758596,0.381732445807066,0.747445358347199,0.720356494524081,0.730571827836866,0.749191545676902,0.232136274651911,0.637313404810261,0.65701903373877,0.634674719058951,q,ch,Pearl Seeker
0.679353084925285,0.224070123698493,0.804902277914051,0.782079365397932,0.896475723381721,0.72240778043361,0.279571119809148,0.793894086655074,0.773101425178796,0.763414414189856,q,ch,Pearl Seeker
0.551580565408988,0.25126627621702,0.833728643984886,0.885875197825517,0.811352578602786,0.81432253789398,0.255995818732057,0.753898586638387,0.637408749711505,0.664735847280849,q,ch,Pearl Seeker
0.585087287723283,0.352283113605337,0.748481946483016,0.722967364947841,0.822124008488327,0.757726110648051,0.316247644284522,0.63087254305484,0.696228020370964,0.706517886510317,q,ch,Open Sea Navigator
0.510364707364485,0.300981283458176,0.726882935387795,0.712674994094554,0.897992046477989,0.764470768994945,0.361974889170927,0.650928130952753,0.736300544444786,0.752045571977937,q,ch,Reef Explorer
0.619127748121569,0.341472856565048,0.782368182829454,0.769773653308599,0.885905828849565,0.866123881557546,0.393005382133303,0.624859444697109,0.746173495040729,0.787668091364208,q,ch,Reef Explorer
0.536246613233132,0.219948880210033,0.848224129858012,0.814894622635982,0.868365755351654,0.727954475325258,0.359053462371978,0.640325464009549,0.632731188573141,0.632853159586199,q,ch,Pearl Seeker
0.662914944046276,0.39955916620886,0.804613084953824,0.7717660968247,0.875440108162622,0.778489021484527,0.363319887894315,0.687826981714044,0.675388885884982,0.692535957133921,q,ch,Pearl Seeker
0.560275574832828,0.424282814052875,0.800544078018496,0.746442539029363,0.879914914654914,0.776778244274642,0.308710572222798,0.78129442219291,0.724847599182798,0.623379608141673,q,ch,Pearl Seeker
0.687966424722695,0.388312415921425,0.766981122931417,0.727854414532677,0.858805037854059,0.824014551185703,0.306692218395264,0.778778516610192,0.757719442244906,0.63033497594655,q,ch,Pearl Seeker
0.56234441355911,0.27454674194434,0.848789258514535,0.706706486947156,0.813977936974263,0.852491737148138,0.37535312735235,0.668416349743182,0.764251460934403,0.622126347391041,q,ch,Reef Explorer
0.669290458346904,0.238246598699595,0.779457458112074,0.859459073155911,0.729983485469755,0.745850279046528,0.344450513678613,0.744007307309215,0.72822952657706,0.73878968889342,q,ch,Pearl Seeker
0.608544888669519,0.275539717672086,0.769139198700784,0.736319543360285,0.881690112266726,0.816678358953224,0.280170283352728,0.692401160728827,0.789456667922363,0.630670280623216,q,ch,Reef Explorer
0.617245966403359,0.35176660366534,0.82229084708693,0.703622036764168,0.87442478178883,0.886423656496723,0.313026636717842,0.739330164775379,0.784499876235459,0.74144772686268,q,ch,Pearl Seeker
0.530507808582852,0.372886508050044,0.821343009276571,0.784826134260477,0.847288847124945,0.886873402953803,0.385113702581355,0.690167874280826,0.622647609168151,0.796968239792467,q,ch,Open Sea Navigator
0.667779617289187,0.23739880436098,0.884168376523475,0.873979272412426,0.803767611425214,0.818255087148986,0.279800540774026,0.610952327764406,0.66703944832918,0.760570689719602,q,ch,Open Sea Navigator
0.500926404600921,0.300049751507343,0.779633738718189,0.807479120587585,0.883971123282552,0.769269198873192,0.269390640379246,0.74750024962195,0.690443588177962,0.644920964587996,q,ch,Pearl Seeker
0.590487903226539,0.24225710611394,0.735277397301245,0.799673554547896,0.78378508990091,0.88296918021362,0.272478779823327,0.716117670055609,0.726452857583906,0.602618891317667,q,ch,Pearl Seeker
0.632707474403342,0.253410790060925,0.892214063493891,0.729732545550623,0.782924824745405,0.717069933615729,0.39937485036919,0.700439002066249,0.719077003464009,0.613415295477686,q,ch,Pearl Seeker
0.649992094079836,0.262971677928676,0.879610857888143,0.741027928096401,0.738137544132733,0.707309933569619,0.294413389022,0.712968226652523,0.613141727885671,0.755105523339002,q,ch,Pearl Seeker
0.590657766949606,0.357317080798274,0.788152549387646,0.780152612175065,0.811928066261644,0.731048049186142,0.236385626099054,0.772357124202704,0.789223092426727,0.674661863255951,q,ch,Pearl Seeker
0.554148934628711,0.393199862971705,0.781746834219619,0.705077271132069,0.731230519473238,0.84319444576948,0.33178478838203,0.605419198500697,0.64439443238659,0.646214959317614,q,ch,Pearl Seeker
0.634378548719746,0.205913161326309,0.720821716396915,0.859983217074638,0.735708932410867,0.830549221570375,0.247636556209345,0.619888278551869,0.648634438199891,0.744453386371132,q,ch,Open Sea Navigator
0.671139293621257,0.449065959370097,0.779436705923691,0.833617027314129,0.740996859083164,0.758629546052203,0.379267163704224,0.602600384702147,0.617101706170894,0.641577251029206,q,ch,Pearl Seeker
0.505306440774764,0.254430630526939,0.816608312193939,0.7842849101185,0.878534342215395,0.863488712347688,0.268363470339575,0.651884686686259,0.675938481633453,0.718058988502962,q,ch,Open Sea Navigator
0.553612728164575,0.38724467235474,0.781882330438248,0.810409436170396,0.787225305827063,0.758893151908384,0.389690661392431,0.752721158831952,0.628022635153291,0.773693595179583,q,ch,Pearl Seeker
0.597486239649903,0.468365668068227,0.859971051189463,0.785042700893847,0.704493861664023,0.753735471876989,0.308326842932173,0.72669564396523,0.651577537086641,0.627871214814565,q,ch,Pearl Seeker
0.66698604735986,0.495320654211066,0.805138036460537,0.734335857169661,0.754461465303874,0.703678135309493,0.3828597613121,0.623550216578028,0.715303295102851,0.654811044137441,q,ch,Reef Explorer
0.610835600503159,0.395426116505559,0.86594836074144,0.741284254352121,0.702199165731696,0.727377126013761,0.380003728369621,0.774778015512503,0.719482620434062,0.720103372086731,q,ch,Pearl Seeker
0.633007334909251,0.252611383587035,0.882882389184992,0.783754104978415,0.7766277056499,0.803783541056568,0.209393193355011,0.633256673751216,0.747606723285274,0.616559733585025,q,ch,Reef Explorer
0.620630421893278,0.273604732904396,0.777859122808395,0.75773874735414,0.77113454329299,0.843809181036849,0.259424343124635,0.71328092805938,0.69521008043982,0.73273423307253,q,ch,Pearl Seeker
0.687365947864952,0.419771629163075,0.742988075718151,0.706236627012257,0.752452808859965,0.819015586140051,0.21028516269685,0.699273249440247,0.719368569783378,0.666848778163392,q,ch,Reef Explorer
0.654182440749164,0.231979475940132,0.715027556347162,0.845637751240721,0.79909826324124,0.837680479285547,0.286965467720749,0.649280406647821,0.76382046353484,0.759883175793796,q,ch,Reef Explorer
0.638939294170885,0.281643541168989,0.818046133373817,0.772194779388005,0.718316414665327,0.883462715092449,0.227363726183792,0.790047470764161,0.689201154591591,0.637026585767724,q,ch,Pearl Seeker
0.608380189475672,0.461883750762923,0.846444977281912,0.86131222957229,0.831756673342144,0.838455312903571,0.369839130313064,0.649933601771837,0.697884992728628,0.644241888363921,q,ch,Pearl Seeker
0.697533601599329,0.483217801905984,0.707885362273701,0.841115034503138,0.885049663483133,0.736115069025467,0.313589046110526,0.783097659517609,0.60678919571716,0.739484053449368,q,ch,Pearl Seeker
0.55946980147451,0.477318858612959,0.894211649033074,0.888853297822687,0.794842843331493,0.872408530197863,0.368909879707014,0.663820094648651,0.765783094830136,0.607401526943099,q,ch,Reef Explorer
0.619253975696411,0.269002651186311,0.724113377155456,0.715390640325842,0.839257755175628,0.767974992753613,0.344953354305752,0.613071268159788,0.663058067566122,0.707898258475068,q,ch,Open Sea Navigator
0.658144632967793,0.295625750879621,0.825178275287402,0.877195549647237,0.823172637636461,0.746591894950727,0.204880156311308,0.774019774780186,0.604253882170077,0.77494033453684,q,ch,Pearl Seeker
0.605787426805442,0.481720309553869,0.859756647154733,0.899586822106668,0.770142363090342,0.853437657786225,0.280386182721848,0.695975124060782,0.725501092643674,0.774735422837268,q,ch,Reef Explorer
0.696816693839859,0.353654682772904,0.183553356433467,0.726407100683121,0.821274690476668,0.671633143730491,0.633142233939418,0.670924431528155,0.657447798330816,0.659261624091198,q,j,Pearl Seeker
0.546721550209982,0.208418637927272,0.103574786946683,0.89631671692081,0.728331940120759,0.715297994147905,0.803894184807921,0.643650777573013,0.789992236790045,0.75726900288311,q,j,Reef Explorer
0.517882200462452,0.283516155156986,0.275823661512433,0.883419606687423,0.740220453374961,0.784023416763212,0.650110183827623,0.798233725227395,0.646334340276689,0.788546354827025,q,j,Pearl Seeker
0.629929329798474,0.321547358975772,0.202537702203302,0.669200943515328,0.652958409601653,0.666145862721053,0.655931478643276,0.755916894713351,0.670025051833346,0.611568535312679,q,j,Pearl Seeker
0.693820526028162,0.376757176992685,0.285550456639043,0.898472346793931,0.652168574765846,0.718872605670798,0.827471542711227,0.739204123610759,0.630779181267971,0.763166624998124,q,j,Pearl Seeker
0.544888114367332,0.244763522964525,0.207394884578683,0.777881980452511,0.774025862351343,0.627446051219326,0.863238258789114,0.653120008517741,0.625902984256561,0.777749615973795,q,j,Open Sea Navigator
0.691130299645951,0.37242552345309,0.261903214944976,0.796572594191707,0.765257211182742,0.626096027973423,0.72253596392121,0.674537703402463,0.651950756752065,0.744684022737717,q,j,Open Sea Navigator
0.599175147015754,0.21620924318153,0.144036640389962,0.804977629097879,0.62283925784709,0.855362074214631,0.748543958104192,0.69611731546533,0.718481556931904,0.76493619318503,q,j,Reef Explorer
0.569561841580439,0.335603230511813,0.213146392799158,0.680108481050826,0.863588995906548,0.839227806482078,0.797535550397528,0.770116345818849,0.773458840191961,0.741672595343007,q,j,Pearl Seeker
0.667402665672734,0.339494292333857,0.23602815435206,0.785583413464555,0.825814991867292,0.647581531587922,0.864261227759679,0.774368705549047,0.605849456606912,0.765163350112953,q,j,Pearl Seeker
0.525773973494689,0.267023770851828,0.248701651258322,0.648227968814492,0.845390107235719,0.849640253387323,0.752240320128251,0.601277174343367,0.657407626634983,0.723385383675149,q,j,Open Sea Navigator
0.696237235605485,0.326362705403334,0.151960716212832,0.790201710929883,0.761995613914757,0.833953618545343,0.632094191648088,0.752205580500406,0.708253315735222,0.792598400771799,q,j,Pearl Seeker
0.568374433207737,0.32652437862679,0.286405621102004,0.630752918397204,0.881168546170935,0.806365716690244,0.620351117731552,0.660192713389363,0.741634417729056,0.613470120293754,q,j,Reef Explorer
0.616434092035255,0.269176611390591,0.224183103553495,0.613722610143754,0.861461041845713,0.892046690753219,0.890663356585707,0.749930366348585,0.626017248026126,0.751652639185805,q,j,Pearl Seeker
0.50491738329176,0.204424710305799,0.164722043829908,0.7465929571214,0.831122225342338,0.804988612981952,0.733770811913025,0.654725333256333,0.799424900031542,0.685236260447195,q,j,Reef Explorer
0.590277404865935,0.232724764238334,0.258961909749986,0.808104667734447,0.666230883836628,0.624714313684753,0.804149790622414,0.730902242856227,0.654651905399642,0.790172712450082,q,j,Pearl Seeker
0.53021157835618,0.28646696020852,0.28872318403352,0.725918195077837,0.791557784299226,0.719278319388838,0.682264560704601,0.796795529591966,0.681866801263009,0.778819840735827,q,j,Pearl Seeker
0.545990921178217,0.242620940805017,0.106226816576902,0.795500047612766,0.710557903117128,0.859307474951891,0.741962972007467,0.793638685582944,0.637105103140624,0.773724633591122,q,j,Pearl Seeker
0.655319370558348,0.35418436892881,0.268956645623378,0.8283071972829,0.787866096489425,0.639373463304716,0.609757853847376,0.784169569563137,0.723330062904148,0.759307458195235,q,j,Pearl Seeker
0.59630447030251,0.223461637792479,0.12503715844051,0.805669586168691,0.729091768469839,0.660157418010101,0.747478364022431,0.612841787415027,0.71639428038288,0.65379868088702,q,j,Reef Explorer
0.659511820127438,0.262072391784715,0.19104402981636,0.60348616197243,0.621734066338368,0.717748066922005,0.743981650415137,0.720004109623861,0.658332515741861,0.738996377225309,q,j,Pearl Seeker
0.672024479437841,0.35597019777867,0.107923765069671,0.744152084177349,0.631479053525452,0.672613504758758,0.895998777980144,0.628499108580303,0.699777630690271,0.723631146863624,q,j,Open Sea Navigator
0.640492994108821,0.311929736697383,0.101954169483837,0.697938392473198,0.755313493015413,0.62635994974345,0.705188079362754,0.606640621758273,0.615715699431004,0.679384655240319,q,j,Pearl Seeker
0.526543150808612,0.313508169652312,0.237892993827453,0.840176009732725,0.660045073273443,0.650244774677721,0.63137035210032,0.727286049908727,0.74129514529738,0.606317228965128,q,j,Pearl Seeker
0.687242449248738,0.210394256730295,0.208259267060214,0.812718155835275,0.861290737123826,0.814226079639728,0.840518424920938,0.667890038508561,0.762965022749302,0.616022969276935,q,j,Reef Explorer
0.678963331212106,0.309518475230747,0.263459553992499,0.73569548535549,0.793073308558958,0.757920798280834,0.8194768565266,0.616325996406118,0.612070416798113,0.649420646802029,q,j,Pearl Seeker
0.531908936022638,0.37435671331844,0.143842797471609,0.89275957674574,0.701068737531332,0.65463537470661,0.836909552142744,0.731741555100175,0.699639143290628,0.711072710187526,q,j,Pearl Seeker
0.643840355654453,0.24569094826626,0.299266783211348,0.892437948644035,0.795097705904081,0.659862735278744,0.804068472729387,0.614439681795835,0.606130500441161,0.651536577702243,q,j,Pearl Seeker
0.592524591347863,0.373654501081676,0.245433813953262,0.822811956359994,0.727648000334423,0.703780497764089,0.711311628895381,0.797529912747212,0.608021838282497,0.77340629922449,q,j,Pearl Seeker
0.615735081714479,0.287723083837918,0.245051532083027,0.746000682427411,0.862026971424498,0.870210559203378,0.726516278062037,0.65536555944701,0.718470065718672,0.782472669123338,q,j,Reef Explorer
0.542132437801133,0.324593316712697,0.226312044018504,0.819933906724584,0.639470305538178,0.814747489404627,0.872709756199692,0.635936621774048,0.647508664984776,0.794279018808328,q,j,Open Sea Navigator
0.536195390541898,0.370877018673916,0.198455571289607,0.674169322320953,0.861224970381753,0.7335915765008,0.754445206178907,0.671846673879953,0.718590170286986,0.632704774517005,q,j,Reef Explorer
0.578216307330352,0.393882464467058,0.151626686540226,0.797020999362388,0.697557019267408,0.83204193770598,0.639262098215505,0.793964209015709,0.690757908276728,0.647210092669293,q,j,Pearl Seeker
0.514699349466003,0.233951581017508,0.203954789711204,0.701100952929386,0.848665009764783,0.729266257098542,0.674614281776289,0.723428997320806,0.741355443377089,0.63340838158019,q,j,Pearl Seeker
0.533523843257664,0.207334285386709,0.247280403013128,0.799141358286542,0.742389262724944,0.853251134690759,0.841701045885016,0.717070872879351,0.773654256102652,0.641168242007354,q,j,Pearl Seeker
0.522383923879546,0.253949922303398,0.111417371217863,0.75935085840031,0.880981707688489,0.611803062200553,0.636632974203008,0.690439805656687,0.786775003505581,0.66323122099535,q,j,Reef Explorer
0.601446961737678,0.208314571810078,0.129668640192418,0.895989036887654,0.889535608930814,0.601481994280323,0.885543535626972,0.7278239875631,0.773583658904005,0.690947971126772,q,j,Pearl Seeker
0.60311920571585,0.297769316051384,0.233372851509221,0.641895376426894,0.608992076961803,0.692378982477357,0.811404228820994,0.64037069042459,0.734686486664984,0.793982409221454,q,j,Reef Explorer
0.518780143157884,0.334520423645025,0.188750043860914,0.860442676313252,0.653144936834216,0.807787785667849,0.851434586894433,0.788922843894805,0.736649605657929,0.699434952801685,q,j,Pearl Seeker
0.623569448040243,0.373780996895744,0.214121949327766,0.609116117909051,0.879284608652093,0.806858025309468,0.802954015733174,0.643135030479544,0.731777094046532,0.678772881130832,q,j,Reef Explorer
0.630246595408298,0.221318606061598,0.231569060920607,0.8998241177312,0.614463611658167,0.893152255266395,0.722072388216861,0.774150690067452,0.756477096811655,0.713403252197334,q,j,Pearl Seeker
0.647689841850265,0.37570311226027,0.180828064330207,0.698109948468972,0.800278015669075,0.842353782582378,0.828685540432985,0.759562729771727,0.687116662962587,0.763566843235004,q,j,Pearl Seeker
0.524041811074122,0.30889781959217,0.101151732099624,0.697375748970081,0.709938460461419,0.718851807482777,0.808640162006959,0.677711620254069,0.689738724524506,0.647508826174866,q,j,Pearl Seeker
0.574650358325868,0.24545392545263,0.114639184753689,0.781034578014413,0.800463839566505,0.785847103802884,0.739048213140172,0.675957156035846,0.772666729914365,0.703816357027244,q,j,Reef Explorer
0.595836375525946,0.205128413161287,0.168249565525231,0.714058685635757,0.71964683426907,0.7740517107682,0.760080764018064,0.721581018558689,0.752976652308426,0.762597147743219,q,j,Pearl Seeker
0.643624615245299,0.391104739190987,0.103646516535272,0.658733395705064,0.602268862493443,0.794242414246381,0.869409164684996,0.64869645931526,0.785406908959261,0.612053478057912,q,j,Reef Explorer
0.686887205361103,0.270324537447927,0.120284165689843,0.745761527755898,0.677032970316152,0.685461870588577,0.692186989477886,0.760605179566533,0.707832255335051,0.662261539831201,q,j,Pearl Seeker
0.622066756662184,0.343230134844639,0.154524800146707,0.724064730457605,0.636565828001084,0.654344804860404,0.804335356189495,0.636287669539125,0.705032676733412,0.741809252344487,q,j,Reef Explorer
0.521375384618949,0.313462443925781,0.151312556740273,0.888878062571274,0.745063694015977,0.841797764932547,0.765067962646879,0.608682506570964,0.726630275118805,0.790280668441332,q,j,Reef Explorer
0.620322364029266,0.363837771885358,0.276841292669682,0.66842393158468,0.663613451972468,0.783294296655298,0.723308540942012,0.767972260573344,0.780004624679602,0.670684275860544,q,j,Pearl Seeker
0.547374111794896,0.456105103048772,0.864522863702736,0.154961207109627,0.784747650729753,0.833509979858294,0.719107062766934,0.724771864935315,0.690353535747446,0.717321692635095,q,ch,Pearl Seeker
0.533602841548973,0.447374748988836,0.743347960018155,0.272559415508646,0.719142911104032,0.704727717209267,0.828394300088653,0.721418807217756,0.709339482542814,0.646389419223195,q,ch,Pearl Seeker
0.578181199181103,0.418895267037235,0.897557104042978,0.199353371771834,0.727287950511347,0.839028910809519,0.780863753620859,0.685639922985123,0.743519553131635,0.738487230264874,q,ch,Reef Explorer
0.698251198740438,0.325678857890825,0.844867763425748,0.120821929876833,0.815677383401282,0.754832133311961,0.715883873797797,0.617131649919286,0.778838174932824,0.638373464943749,q,ch,Reef Explorer
0.564674312423104,0.345331280445398,0.713884768549219,0.170999261166387,0.803811958181654,0.713522512718443,0.860071301564472,0.646742416382087,0.708002382920902,0.776015817512292,q,ch,Reef Explorer
0.630175473809439,0.406591557310267,0.76660038261164,0.164866750623075,0.833897391039638,0.898827872244234,0.832367837969876,0.711556683474005,0.746130102047849,0.693041122456744,q,ch,Pearl Seeker
0.512028468520157,0.412459363175582,0.735060588471532,0.291525056901076,0.838000978164133,0.740186737731811,0.807165536894616,0.619335289929344,0.690074187251637,0.751232665779049,q,ch,Open Sea Navigator
0.569514304847796,0.432982344897444,0.885435563895891,0.259089992157946,0.746928416371091,0.779863183161862,0.730483202666084,0.798496700431675,0.785400193584859,0.707991426056112,q,ch,Pearl Seeker
0.668406658875284,0.404191595454408,0.717824886423203,0.224717137600552,0.851054084099362,0.725542696727047,0.865213526050506,0.756405617534077,0.741748939548595,0.607232076104952,q,ch,Pearl Seeker
0.560625671189066,0.352622513982169,0.717528549352768,0.172027281494304,0.887391564606213,0.810760448142475,0.761104862131605,0.679396303414857,0.689440508100967,0.720118866672123,q,ch,Open Sea Navigator
0.6031358855393,0.483878394642883,0.898431602964663,0.199392696581166,0.870284991549019,0.741702102871467,0.886119042928783,0.623273279577095,0.763489941698238,0.676124658695316,q,ch,Reef Explorer
0.675594864089014,0.47361133802149,0.858006087261412,0.261185080023524,0.760935827819608,0.71618385661025,0.780596035753032,0.634704902997302,0.738990217780492,0.669219945307557,q,ch,Reef Explorer
0.695122040171983,0.428194415469066,0.72650493454837,0.264496112726872,0.872402896454525,0.884551438102679,0.797412383763787,0.721250587550196,0.752961960180599,0.634967725452083,q,ch,Pearl Seeker
0.600513215292688,0.379732605554463,0.773506884458306,0.12927479843245,0.713634461877099,0.705162381389897,0.727033257830965,0.792623022317835,0.709905907179003,0.793164432230644,q,ch,Pearl Seeker
0.586499575666026,0.362363226617052,0.787902337726582,0.201228372568049,0.721132936852349,0.828165262938041,0.74320763650192,0.723917590979566,0.730040218479631,0.63040497062573,q,ch,Pearl Seeker
0.512269925422134,0.456152317213688,0.711632759101095,0.191960084753864,0.898973263433954,0.711556112199273,0.839007045771711,0.796735785052683,0.647836020843185,0.628449873737439,q,ch,Pearl Seeker
0.524276987884486,0.360655029513519,0.838432268338826,0.120209162202129,0.712458359626012,0.801884425629958,0.899339370770595,0.762794053901204,0.723043887646202,0.661250724157322,q,ch,Pearl Seeker
0.624779167258328,0.40540829278233,0.72614207534804,0.185216676778074,0.877320843048093,0.789956929764265,0.738924502364153,0.673551870175458,0.682825950505785,0.765507579113375,q,ch,Open Sea Navigator
0.64672287611228,0.453860978728268,0.783230799635952,0.102206252885729,0.796268830327065,0.703838455364611,0.751962641749007,0.752057964624427,0.6274219411458,0.707062026290518,q,ch,Pearl Seeker
0.543040374403448,0.302424154928779,0.895174750982011,0.148240291519908,0.860307422376598,0.891915328864207,0.797570808785272,0.621947239735501,0.709591897794739,0.690875466911992,q,ch,Reef Explorer
0.668871416547923,0.319616516156849,0.730009732938797,0.197648227404356,0.764935185378012,0.84747141547756,0.795203625873753,0.675177657029154,0.678895255714007,0.691889353681197,q,ch,Pearl Seeker
0.657003308767411,0.478416937788047,0.857380677251059,0.291066937300786,0.763081379149603,0.837626941217308,0.787520624811078,0.65093412440921,0.768174315885185,0.607685269792465,q,ch,Reef Explorer
0.680352398427085,0.392295492924947,0.831870784441157,0.227440295361656,0.879023548141307,0.827333936433441,0.822786716952012,0.613330408112138,0.703681604389041,0.630033800163408,q,ch,Reef Explorer
0.647486753744297,0.402444384162535,0.708334580120477,0.236045555841671,0.716958403209161,0.843264677612536,0.714416867199735,0.614251345553052,0.602421695046978,0.791300279659896,q,ch,Open Sea Navigator
0.647501671891801,0.370650281700413,0.76994064594917,0.159307116257531,0.854930706236236,0.832274122214083,0.737039113573494,0.634821867066817,0.61967912994268,0.732060543940268,q,ch,Open Sea Navigator
0.652874532444347,0.353009285665001,0.716434333495285,0.104188992206183,0.893572006969006,0.759088955495484,0.853844629567627,0.724932713770853,0.676387927930579,0.641137452439111,q,ch,Pearl Seeker
0.524277283631881,0.423002593607773,0.828780850708226,0.254926756127558,0.806060426649832,0.708390244686327,0.893697755518877,0.759742838330915,0.658564407340193,0.79599406587177,q,ch,Pearl Seeker
0.620376317927264,0.416484531641449,0.862353957618028,0.249614635885906,0.831295721466301,0.72561914927324,0.7676535011989,0.78561672806521,0.64492312236877,0.674433404767503,q,ch,Pearl Seeker
0.586415376588839,0.38788099793889,0.888615167548942,0.222587916498905,0.748138542366501,0.724300275260184,0.739494097971987,0.777384980041854,0.729162162531041,0.657181357847832,q,ch,Pearl Seeker
0.663189387793723,0.472273999272687,0.883785306727911,0.269302867738056,0.750448204034672,0.851008385749256,0.792107899454828,0.768399710578012,0.745698135432323,0.755289489299945,q,ch,Pearl Seeker
0.631232367536214,0.335485753893941,0.896933947904902,0.209005383779388,0.887477613299424,0.708634747159402,0.732962963145887,0.626345754690912,0.745195981997059,0.763557065971389,q,ch,Reef Explorer
0.542702273262134,0.401170538590366,0.84656030895325,0.26814060560224,0.80844744109837,0.818069538091755,0.801672109383256,0.659509690263764,0.713004398571803,0.737777060410018,q,ch,Reef Explorer
0.674664583172162,0.42725827079585,0.732014326990915,0.252224307408632,0.792311494883958,0.701866323965419,0.749335772904325,0.745292343022601,0.798361990269873,0.619835619917443,q,ch,Pearl Seeker
0.580298863172258,0.460014193739832,0.811016989860457,0.14080712692578,0.846614259205935,0.823197090052036,0.737604946923083,0.671076913737148,0.75675835689708,0.710845302826403,q,ch,Reef Explorer
0.501045922708583,0.452198152005619,0.849146756546247,0.107062270988048,0.740496112033047,0.891614696023876,0.773588150260417,0.665386323267616,0.629777610066489,0.661120843098043,q,ch,Pearl Seeker
0.67533015236564,0.499266867525449,0.789722126190909,0.17366190610137,0.844414187640547,0.877239156093015,0.818608866837357,0.678305139635566,0.682524368169725,0.739123629299361,q,ch,Open Sea Navigator
0.500643652720856,0.423917867491968,0.858839466255417,0.171098602088272,0.718598127964626,0.817640453389678,0.796194577977225,0.728465105181046,0.612970718896594,0.715996757485626,q,ch,Pearl Seeker
0.612296917591905,0.412132018883234,0.835293587445273,0.220697533319291,0.860997799936154,0.753964144025643,0.865009882036012,0.699651136452691,0.615411655826866,0.611710185848796,q,ch,Pearl Seeker
0.566847663739212,0.456979395422294,0.857722992934481,0.241536186948183,0.803453811288322,0.788039799591098,0.729490505341257,0.665638550721862,0.686803873234775,0.617720085935923,q,ch,Pearl Seeker
0.544122390542242,0.419645058812748,0.89966950227859,0.247132622847838,0.886622666268712,0.828513039907038,0.784249610658814,0.727235472941647,0.757130323616047,0.623667238184677,q,ch,Pearl Seeker
0.581980977939258,0.467960457127123,0.814374454245437,0.176766590386609,0.81755387217244,0.736895250626728,0.772447088330458,0.666902257748386,0.605239341706413,0.604838352778271,q,ch,Pearl Seeker
0.666339408735155,0.354614161994562,0.759745114717755,0.203615753247763,0.888135849023068,0.751859351773155,0.785931362547787,0.77454605009692,0.768386713358362,0.637220283569255,q,ch,Pearl Seeker
0.660528661959142,0.391637377347579,0.726695994483189,0.196593774417071,0.716120302751425,0.845587861394753,0.79929223047106,0.687370140523036,0.745901645730479,0.753102579798222,q,ch,Reef Explorer
0.531781633533871,0.422045029895528,0.850275017205809,0.127070816455537,0.831391031253428,0.891322924216692,0.713791603271284,0.611410944230251,0.65643741493864,0.652341136747181,q,ch,Pearl Seeker
0.5493957598144,0.481250916104207,0.754389945225726,0.149909239969901,0.851879652483593,0.789947968490108,0.855342111391036,0.613073231512877,0.697514238734677,0.606722720036657,q,ch,Pearl Seeker
0.512530640691071,0.481287490668882,0.806484136455044,0.127849074223519,0.782219120520141,0.769468665251769,0.879966669137455,0.604364679355098,0.732757937235118,0.79267888684271,q,ch,Reef Explorer
0.612033636692368,0.487364492406618,0.783758663814832,0.110451575857205,0.75203155819241,0.846164192996146,0.896259418099449,0.65130601248885,0.730834920294815,0.639619526551948,q,ch,Reef Explorer
0.613066050914322,0.392786497337667,0.821705454539293,0.294401065926307,0.769901274417364,0.722819156977587,0.730249365746987,0.645063385990247,0.65019333226806,0.770123211568228,q,ch,Open Sea Navigator
0.612244557656505,0.404678182274873,0.872027938669887,0.122953774373844,0.844562860641697,0.71353367238,0.841567019445954,0.708707643468529,0.616345069149356,0.691660128305731,q,ch,Pearl Seeker
0.596939257426009,0.333154908032655,0.869995074296132,0.289139629400056,0.833804467465822,0.792459112200121,0.782353108316902,0.730194693430191,0.709086373881381,0.612454621176377,q,ch,Pearl Seeker
0.602500529754066,0.461280723446568,0.710391315510854,0.857255639876807,0.191847975519392,0.740272756427195,0.751724166977608,0.632941270686459,0.6660430129743,0.751350301137727,q,j,Open Sea Navigator
0.603877171900788,0.340976254830143,0.875916370990306,0.874115685009201,0.275566015630408,0.747759242276308,0.790247868836198,0.796997931228175,0.754402495261998,0.605433484245112,q,j,Pearl Seeker
0.513040918252098,0.392786275362467,0.807740359590543,0.799562501606858,0.281844041172312,0.721094739991326,0.831356020944859,0.764420632120045,0.676084001501513,0.755122370185066,q,j,Pearl Seeker
0.692895330780162,0.340753291825538,0.757427591616915,0.858570883806768,0.204665926238948,0.815518673176232,0.826916483510061,0.759582831923179,0.679194094532491,0.783018013681409,q,j,Pearl Seeker
0.606605773449228,0.33159096456707,0.858652270087651,0.763352335413505,0.23917982363376,0.871435851399751,0.881228650953153,0.655380897475562,0.796704294543045,0.628142305609752,q,j,Reef Explorer
0.540403133680498,0.336844967847605,0.830858510464992,0.730420856644455,0.278797942001574,0.78806468367367,0.82305960501396,0.616692816997877,0.776483273681468,0.760720707088307,q,j,Reef Explorer
0.601041354715328,0.493425323051834,0.8968220638073,0.833583999760725,0.18355219585502,0.826934254650788,0.733190979059157,0.776385551660929,0.685497937584123,0.632446681156496,q,j,Pearl Seeker
0.502521503995152,0.411951136727677,0.843870724473832,0.87805161060356,0.205479924424535,0.715881316928606,0.846299298068073,0.637482388819517,0.771635410631433,0.763812702772331,q,j,Reef Explorer
0.608158750997109,0.442048559724662,0.794233579786563,0.864327379542094,0.16287002263675,0.791853039434643,0.771559653065088,0.69884248945006,0.765649850487444,0.667041609474175,q,j,Reef Explorer
0.534752318627149,0.442402804066156,0.720127495704707,0.747974822551189,0.265195642541616,0.728394397952199,0.769588282316433,0.690070195781083,0.749765267392661,0.730229516976335,q,j,Reef Explorer
0.624185713495686,0.370474989321931,0.794257433479633,0.895820987603031,0.268289510616952,0.826828427659147,0.725252948312901,0.735235512415087,0.66502080308634,0.73726543933722,q,j,Pearl Seeker
0.513928229632481,0.334976287435192,0.745435911404703,0.867408225048588,0.271147451781157,0.755855217690882,0.828576382011742,0.738830114701966,0.702530950629011,0.661062135339346,q,j,Pearl Seeker
0.542528875274219,0.306637870912485,0.830632558106257,0.887660963689697,0.160789280248145,0.87424089645261,0.853212955307061,0.75768946865066,0.732996980695199,0.652057371513201,q,j,Pearl Seeker
0.681439006141166,0.434146462381167,0.722197893842696,0.789411108761285,0.212088126196088,0.792071654240385,0.872912721904534,0.709329644037558,0.676080109794082,0.795360065702132,q,j,Pearl Seeker
0.522144118665263,0.384509685662389,0.847980824153386,0.88361531043983,0.108404935034281,0.756007465910098,0.871668335359824,0.65844364609238,0.782154032328783,0.750792380719357,q,j,Reef Explorer
0.660981355368288,0.303601311120091,0.845334198414065,0.760950219077227,0.292562071414805,0.865878932971769,0.756304239682986,0.774550767913226,0.622516078082387,0.740737195492159,q,j,Pearl Seeker
0.608139695328982,0.319306894039088,0.702480807255463,0.793753593092901,0.148378765651768,0.760253052152,0.819671496859552,0.659447561541724,0.659983822301397,0.748638639746321,q,j,Open Sea Navigator
0.509628567195671,0.480578999038397,0.833560936645281,0.818644314021477,0.270452774878236,0.878460499627931,0.737066035905743,0.615793832438166,0.647902033981908,0.758915655740038,q,j,Open Sea Navigator
0.506934053345297,0.416561367016698,0.871139218767508,0.804289137808718,0.299087503238262,0.712728181857328,0.866274702877142,0.719795701635442,0.622986599411913,0.618771456964671,q,j,Pearl Seeker
0.681925363887318,0.433840052587616,0.875795780056454,0.814354470409665,0.265857359863351,0.803489270351008,0.786085482064198,0.663389317558224,0.686919192171742,0.754775931146031,q,j,Open Sea Navigator
0.620384686203026,0.478504657990969,0.821417915743751,0.826261510618398,0.188676002875838,0.818339432461265,0.840526754617103,0.647486693674961,0.702472755509158,0.62084496056167,q,j,Reef Explorer
0.576902265528963,0.397533413724253,0.890106210517241,0.820130213309671,0.230444851909095,0.848718783235312,0.801253211899041,0.726820806275266,0.614186443226755,0.650878316168369,q,j,Pearl Seeker
0.572370618641028,0.394498671001303,0.728004819510664,0.755362861558261,0.109129749100477,0.89430653818021,0.76626940142061,0.696408211622417,0.639219542547679,0.722156014215154,q,j,Open Sea Navigator
0.556136643103195,0.341398515687685,0.701101159832084,0.701532806529845,0.203314525689196,0.743813761820372,0.707344272500164,0.621605150826138,0.66777212986775,0.760517135915963,q,j,Open Sea Navigator
0.61440972867386,0.402533545191283,0.886350743886563,0.779403008247438,0.158697764641624,0.717418553359154,0.82341330322356,0.62276767869532,0.669044628560338,0.701482387743562,q,j,Open Sea Navigator
0.674844504937035,0.398709316068024,0.898563367799814,0.726297823979596,0.240451753206333,0.754946305103904,0.778915215119529,0.684365635707766,0.682204215053109,0.781522200511311,q,j,Open Sea Navigator
0.642806528893371,0.421581042818141,0.864758076844259,0.891012102296998,0.161874543572556,0.864239656510045,0.700313021038295,0.727280274036682,0.61022707628842,0.651521444066744,q,j,Pearl Seeker
0.511904940069554,0.420759090589878,0.722897527613181,0.776767776608996,0.237317982698521,0.791247301791108,0.773810604352183,0.624205000097039,0.683789558037495,0.750235609561684,q,j,Open Sea Navigator
0.514201532906651,0.316036002816381,0.888345142323785,0.833714529344583,0.170954258367197,0.835733991334513,0.772383998167573,0.718732158241708,0.602026236805549,0.727219209281909,q,j,Pearl Seeker
0.682657389515247,0.422514693668964,0.844794611093219,0.724111683280738,0.274739718693269,0.880490661457168,0.713288768871155,0.706793494509553,0.628427424758692,0.602341322146181,q,j,Pearl Seeker
0.584406852025528,0.359008141530831,0.81543997734691,0.70874781446179,0.197200098759521,0.724600659024749,0.811728479290085,0.668633470634532,0.74583469750989,0.730458329718388,q,j,Reef Explorer
0.669120872597981,0.438498565333845,0.834593324478887,0.755076234851084,0.18598621547803,0.761262699755643,0.857797031984159,0.689283903280316,0.759676068103671,0.764484474733656,q,j,Reef Explorer
0.671512467532257,0.483327047168242,0.763773363664228,0.816439749318823,0.186197044102659,0.774234484687526,0.820214833360047,0.741117172528765,0.737681003698427,0.674910577404024,q,j,Pearl Seeker
0.533372040339751,0.386105867692442,0.878019407036762,0.769175492147571,0.128518828816382,0.730891949444665,0.70508955198115,0.729164477257297,0.727380463490949,0.668120833316258,q,j,Pearl Seeker
0.51434237776953,0.381925778979046,0.835424127947002,0.821155849890538,0.162243499012679,0.772918745639508,0.743578510850998,0.797607193231118,0.690800324239223,0.737654847156048,q,j,Pearl Seeker
0.528110593515672,0.39711793993188,0.80109102358209,0.892803481423541,0.105507343973893,0.77684134259716,0.707799202514982,0.606191158183869,0.677597351989374,0.632004987292639,q,j,Pearl Seeker
0.504670419265637,0.451242722790035,0.757848954394531,0.880016636603296,0.191704601776378,0.723227792040105,0.891183765791064,0.662793343475471,0.777680734461736,0.720588575295892,q,j,Reef Explorer
0.665341471948298,0.496802632642093,0.892227097081519,0.777896378980484,0.157681087563749,0.777102380947385,0.768077420850901,0.708281521469517,0.630829008635697,0.710742297071602,q,j,Pearl Seeker
0.608340962482001,0.452380362520974,0.788088270062485,0.760466649870299,0.266729992387517,0.751866979463419,0.738924767340974,0.611529516439805,0.668489595766943,0.654049538426157,q,j,Pearl Seeker
0.693283477173281,0.411541765250009,0.816093520198739,0.727839340269139,0.169455407806102,0.788808749840441,0.825246864284213,0.69777956635849,0.680355760130865,0.79876967777994,q,j,Open Sea Navigator
0.676062952429785,0.424681191631888,0.824132095964917,0.740262421564487,0.213875472236457,0.779027548652864,0.70789190657818,0.695109207497365,0.708604916791533,0.645549947220642,q,j,Reef Explorer
0.692805769433103,0.481890922187448,0.806677325753073,0.873993831929537,0.244428647091181,0.726130468764693,0.858101958854977,0.62496416279337,0.758842132509881,0.655153513650271,q,j,Reef Explorer
0.675418116203638,0.48880841876508,0.792535121013079,0.896197475632537,0.129759193881023,0.796681487194629,0.872709504502909,0.717746304426264,0.67506598158392,0.657156711105174,q,j,Pearl Seeker
0.540644618217217,0.452359638275539,0.80225509244015,0.798465096000236,0.177308101364606,0.815455805846626,0.873115429124911,0.796147868716686,0.681516841714764,0.765503784421261,q,j,Pearl Seeker
0.652905558930944,0.414705790291115,0.740094903105681,0.721852842061924,0.291209428722387,0.870792393391084,0.78782996332675,0.769393770841412,0.778618041039083,0.612491518723814,q,j,Pearl Seeker
0.676692952597212,0.389663811073884,0.825318502218642,0.885276521346017,0.202086497800846,0.703823218885953,0.795368693663563,0.737544408486112,0.744541391539646,0.738506486307422,q,j,Pearl Seeker
0.526887025881624,0.359879117674336,0.860887441535901,0.755751974482911,0.171743105083403,0.742140992773441,0.891489603807619,0.601772657022694,0.799564171136396,0.735364259771479,q,j,Reef Explorer
0.665693859889823,0.358923879269239,0.847573903712306,0.866828919400135,0.102863055533412,0.848095226390704,0.728570057460168,0.750685584451394,0.753784556421528,0.731708103134011,q,j,Pearl Seeker
0.653223186559117,0.469184287935546,0.717720942793936,0.797525561933442,0.222720822847492,0.715529866934321,0.781508606206486,0.681421297825126,0.613201968828048,0.669764106793896,q,j,Pearl Seeker
0.522199619758263,0.461647042001844,0.714463295051588,0.89102304145834,0.289537605192894,0.804515319867349,0.759913135590775,0.615372415055233,0.700124853614084,0.75890310889815,q,j,Reef Explorer
0.64141729545334,0.310045202292795,0.780574656526528,0.759058098809589,0.74647686461121,0.114580367073581,0.756200899781743,0.760696548659377,0.785845610726371,0.681020538905513,q,ch,Pearl Seeker
0.681222200426499,0.364299140249576,0.7452057995632,0.828095208435169,0.895796223034962,0.195287397268758,0.820698619208676,0.67156281682271,0.729563489198106,0.624584135693078,q,ch,Reef Explorer
0.67773181605308,0.400616790155967,0.817172957690704,0.824956772557881,0.714355161245303,0.189869948407928,0.836523444244681,0.648386336063106,0.742790526501318,0.764506958876839,q,ch,Reef Explorer
0.660791701510504,0.410500193481578,0.728575192267882,0.855069230080627,0.754281876089343,0.20403397846215,0.799339084563589,0.656854818585503,0.626765672599939,0.725911539378347,q,ch,Open Sea Navigator
0.510866406964581,0.44972904682524,0.700026938600897,0.802225827847446,0.709370381705521,0.163517359052223,0.75523391156418,0.741395297491143,0.612537924324373,0.767867698471201,q,ch,Pearl Seeker
0.500763984531717,0.34936477384038,0.763254029945861,0.720378477613203,0.772046783760086,0.248180811230414,0.754078657276905,0.768542380432111,0.662669583517029,0.757786494355202,q,ch,Pearl Seeker
0.678374428962147,0.386763483915306,0.775463610792639,0.892815683298022,0.717857904905115,0.281988628770878,0.837403853300649,0.698762808091386,0.677529761091129,0.72654237574972,q,ch,Open Sea Navigator
0.640771418326866,0.300872653930062,0.842609210126864,0.833277082715641,0.893209501025736,0.13339061774944,0.852207558050157,0.790154541546268,0.740508100306961,0.659610441727889,q,ch,Pearl Seeker
0.521072984450171,0.456364772668987,0.709637202478659,0.772010093180196,0.891359963096857,0.228829844295183,0.80008022914204,0.686545827203941,0.691539921031859,0.641776544801033,q,ch,Pearl Seeker
0.573741434172959,0.373962651197435,0.853513525703584,0.783300886380776,0.864435977363285,0.110471004037494,0.870069600223979,0.642398810939732,0.731470696434026,0.694456360832596,q,ch,Reef Explorer
0.676031347584297,0.343148135835291,0.821550424450545,0.759060295514367,0.727320180730235,0.235562640062009,0.830327952095455,0.747719491626466,0.66312546875267,0.728966520804463,q,ch,Pearl Seeker
0.579026181522301,0.442641376656524,0.878043000527235,0.757481919293116,0.773557197551231,0.139843054978811,0.71161839041607,0.622302442464255,0.703172380542466,0.653518535345594,q,ch,Reef Explorer
0.667096045148439,0.302938677730991,0.767469109353819,0.70386552618352,0.724873679800102,0.175818809734387,0.782728534983727,0.698572916889489,0.680857949450974,0.706187535682419,q,ch,Open Sea Navigator
0.619026334981136,0.301984764225567,0.892699848177518,0.80380645602591,0.835508453491791,0.192819031890701,0.762372771583377,0.754798275630553,0.754584296375223,0.704259209530828,q,ch,Pearl Seeker
0.695202764655843,0.325110042952531,0.854031642351419,0.861431107472977,0.724041445824115,0.103389532977916,0.753116566591721,0.603510472673326,0.658661722156113,0.754628374783734,q,ch,Open Sea Navigator
0.603592105542516,0.369619118633658,0.700270725143094,0.759960105513047,0.829291748327586,0.174347858981266,0.894838888763271,0.76941216539678,0.604718992929106,0.779712120934968,q,ch,Pearl Seeker
0.656639682659725,0.456075224714196,0.779601058590901,0.760583145766639,0.713138971790873,0.191599151800714,0.74564707269874,0.649320726995605,0.69681541394204,0.749488881319339,q,ch,Open Sea Navigator
0.594761965679589,0.311568889889432,0.888544863818823,0.857037908629682,0.898265580312844,0.291557960197641,0.808896466560053,0.792553670050641,0.61512100812335,0.673136149652274,q,ch,Pearl Seeker
0.545076253601353,0.339166616826854,0.824482728313199,0.856264371149461,0.815659679884072,0.128160589778535,0.729392541917642,0.762224753986694,0.727190941432746,0.677633141225399,q,ch,Pearl Seeker
0.634826059107213,0.351980995848567,0.883497168626398,0.758100901134284,0.793997653631587,0.169038441698842,0.878028227479203,0.741544270053506,0.612440645232941,0.629460608855794,q,ch,Pearl Seeker
0.501568318154383,0.426184358045833,0.726854970180455,0.891586824211354,0.805931944789124,0.189534685082084,0.748378658822578,0.700120714230942,0.735924066547022,0.615247843594713,q,ch,Pearl Seeker
0.554940763009578,0.461393098176799,0.809315428406459,0.786563200441894,0.708779988528601,0.191932974080532,0.733149955964031,0.689108327748378,0.641837093081586,0.609995805731936,q,ch,Pearl Seeker
0.668729932810365,0.496238505832823,0.870756984340933,0.748395426063409,0.89212539510264,0.258628574799348,0.739385140890686,0.790285962072367,0.79896385879319,0.74234456114921,q,ch,Pearl Seeker
0.696228746358364,0.413907955913421,0.787399177133124,0.818712187075757,0.714616312405403,0.151908356635218,0.824468652923449,0.796235567352459,0.638021529956746,0.758519023257677,q,ch,Pearl Seeker
0.681579758755924,0.488740318564044,0.804291927744294,0.895461581598301,0.851462041426888,0.292027120881089,0.732334287247392,0.695380021293594,0.743666235074401,0.649468063163817,q,ch,Reef Explorer
0.628123036709777,0.433320095809324,0.813017062490551,0.854325382195722,0.799779132907188,0.132539948761713,0.702420623355222,0.601807693815858,0.671405868794002,0.785238813686356,q,ch,Open Sea Navigator
0.545735355920722,0.426872737774337,0.76433399793191,0.869608417920297,0.845772288453989,0.144415174138664,0.719079855462642,0.685740404197287,0.605833952729053,0.696178029320602,q,ch,Pearl Seeker
0.632486802340214,0.32370052471963,0.779567325100431,0.88390620493121,0.898651003084593,0.157776987781833,0.708982259799123,0.752201584699078,0.674344813280469,0.678491637245896,q,ch,Pearl Seeker
0.650852994669405,0.483685286429082,0.815424517207664,0.771424231860101,0.857509817171756,0.29018571890051,0.75020027665246,0.712814805766704,0.671715692304975,0.731326214741575,q,ch,Pearl Seeker
0.548079782578701,0.338318589146965,0.720360736589907,0.801191581546986,0.744170556592602,0.283647817335087,0.707785992665133,0.607203763658285,0.635044354421166,0.7733540709012,q,ch,Open Sea Navigator
0.556495748795405,0.490091834115059,0.787322837953753,0.816017766933891,0.803339677045254,0.216324458597839,0.851755250751465,0.656499213194571,0.670610078320061,0.77881886050665,q,ch,Open Sea Navigator
0.689291302630081,0.478511645497295,0.856073100601376,0.79526714666022,0.79950797042922,0.183889598791463,0.740936021811457,0.718226060651703,0.63722717955067,0.666312939813439,q,ch,Pearl Seeker
0.671006040323987,0.341415161842171,0.713801518522563,0.888156904100622,0.801384087592367,0.114231657034687,0.781882414363404,0.762175716201584,0.767165185582103,0.666438206623121,q,ch,Pearl Seeker
0.638723611494759,0.454224563170377,0.73031901496002,0.875176616703411,0.807818910547202,0.230930137373191,0.756494485274001,0.685045637087539,0.607514218079782,0.625573360244484,q,ch,Pearl Seeker
0.653109350103172,0.300002326951073,0.804502036217118,0.710926884000194,0.894615632594467,0.183313165696458,0.745225066249934,0.660839743927256,0.660788502451006,0.64608333242347,q,ch,Pearl Seeker
0.500294764417262,0.445868958817599,0.744858696657009,0.832609438360685,0.848379265391743,0.293369099959857,0.869685075818105,0.684525839402722,0.660586181128086,0.665059026804606,q,ch,Pearl Seeker
0.642524266619703,0.463355893301127,0.774188201631553,0.88038803934983,0.861338703938948,0.136322793551321,0.896971680552495,0.750849651936416,0.678639040205584,0.718127566798928,q,ch,Pearl Seeker
0.632202850849464,0.315691163263425,0.841864165694522,0.733464260800212,0.856126343485111,0.208899391820773,0.816754556102822,0.790444357139519,0.608484459641378,0.653065227511093,q,ch,Pearl Seeker
0.620310775859965,0.359311982441186,0.851801056504386,0.720503192813295,0.802770892841354,0.242884832814248,0.801778111118211,0.673856154043108,0.786584972513934,0.765501263974644,q,ch,Reef Explorer
0.639441876381927,0.442865327147,0.884198904219315,0.838919085450657,0.845796212331163,0.192343228762624,0.872338180757469,0.654814317868438,0.761414180773341,0.639048120591298,q,ch,Reef Explorer
0.569068390448978,0.367122090853969,0.871307444749585,0.840233972318052,0.845411352323078,0.295705093677828,0.812414558880514,0.789418133421704,0.699251750576472,0.676103541973979,q,ch,Pearl Seeker
0.532607067386318,0.457241130452212,0.776871007704827,0.705038682791846,0.867799465543602,0.246888786415118,0.702283596690815,0.74073995592581,0.794051421945212,0.687532265629641,q,ch,Pearl Seeker
0.546994680999191,0.440974202008676,0.809286063215569,0.893407055051229,0.710333744331592,0.263425628403117,0.800959119660906,0.74369078946451,0.772528094229836,0.635851122381558,q,ch,Pearl Seeker
0.660000696352736,0.410541415143709,0.726343005715819,0.873059151781783,0.731454641635943,0.179310736397993,0.76195757184182,0.658009106392487,0.774282806838171,0.73454059884178,q,ch,Reef Explorer
0.659336279438274,0.3500935797585,0.81434919662875,0.866566075357654,0.881217412096252,0.2249748199214,0.702431354295477,0.734803983811759,0.610367159823946,0.709771733015471,q,ch,Pearl Seeker
0.557526545808736,0.361355319904428,0.824258489809922,0.766809993133754,0.846539810118056,0.170591700690471,0.780905477114774,0.613670640061992,0.756751968496822,0.657151664918541,q,ch,Reef Explorer
0.586553375919853,0.43708877664438,0.711317131229343,0.774784209402563,0.888889716538861,0.166491231429742,0.828346879459712,0.734295829733441,0.726456430727528,0.639798427791887,q,ch,Pearl Seeker
0.583666772820456,0.450187959672664,0.755570555217943,0.755263821693171,0.786403785518901,0.120274579510632,0.896073748188437,0.613500509336764,0.703740198876119,0.635872936402442,q,ch,Reef Explorer
0.694135309081949,0.322660700945493,0.847576996966921,0.840910885605489,0.784545727378787,0.180720200472318,0.769304833590544,0.679522475710574,0.652855252631728,0.64106658774136,q,ch,Pearl Seeker
0.596607939511778,0.353706751213521,0.831351212694911,0.893707466339978,0.820727440111875,0.15749233297945,0.715395893412993,0.615116722770813,0.790284644169113,0.659458158061467,q,ch,Reef Explorer
0.518413397216495,0.319808917430076,0.78709463348708,0.794551446035607,0.680220608357262,0.604533205264343,0.889504610836342,0.850178609138221,0.23520525761051,0.341325973975742,q,ch,Pearl Seeker
0.622001483415897,0.26258147884273,0.68132887612922,0.779300484810811,0.859828690083508,0.884020118677019,0.631771741321127,0.830965722519544,0.288947251756616,0.347307045666959,q,ch,Pearl Seeker
0.676598764965955,0.240526526827069,0.776275761332821,0.810341878325242,0.804033565634092,0.722445507260009,0.604618467507393,0.916585211360853,0.150620307835922,0.290050849228578,q,ch,Pearl Seeker
0.691516203016763,0.279807063528487,0.851940481999328,0.656562181724775,0.801738149407509,0.893102086331683,0.630567930261881,0.801663988445438,0.186716558526523,0.218525096610273,q,ch,Pearl Seeker
0.649676869935246,0.382909732769712,0.730206291812628,0.677613492646632,0.730320995701983,0.817034345355,0.602716248474111,0.91789079789694,0.222658336977476,0.327537649379187,q,ch,Pearl Seeker
0.548404415996175,0.342810544675625,0.627417445899533,0.65978110094004,0.863241013996345,0.82161694521797,0.604123666203404,0.84967525207396,0.142881296598633,0.254161265607395,q,ch,Pearl Seeker
0.549511954055977,0.212505259148569,0.737682154979046,0.81982004243585,0.782019517415231,0.801861500579424,0.624344753560872,0.990298142035357,0.267698366768605,0.361018063699133,q,ch,Pearl Seeker
0.664596761008353,0.386542101626552,0.763276189834109,0.660084605360288,0.785035082355762,0.822864448100382,0.821375218006208,0.904289804833376,0.113691743866716,0.274222587686026,q,ch,Pearl Seeker
0.684153321692671,0.316889781951485,0.761499582976714,0.680656054314658,0.710534675974974,0.868603826745951,0.799938914258051,0.957477405350467,0.190869084613531,0.326049443891232,q,ch,Pearl Seeker
0.549676721748642,0.341092166056697,0.728280400111001,0.732763654444424,0.794796697373065,0.880884186440678,0.619201903982586,0.964948647469402,0.158476622082439,0.288783890901276,q,ch,Pearl Seeker
0.504382665755002,0.260209215566863,0.750789372789039,0.616852823204232,0.74732871881495,0.878133188657528,0.631617965432342,0.952888145615101,0.181934210675199,0.331034742904868,q,ch,Pearl Seeker
0.552047319597046,0.231898452508272,0.648138784281368,0.621147583692943,0.655694011470373,0.799265815496691,0.864507183553052,0.962825137118232,0.237026861974897,0.222086372682221,q,ch,Pearl Seeker
0.55783748925919,0.261961375064494,0.674987083919286,0.754501697912917,0.760666144463902,0.707065792551333,0.706136747620931,0.965711119581216,0.257858569663937,0.261559166336149,q,ch,Pearl Seeker
0.682757688774652,0.390563003400501,0.698022762609012,0.706327484637916,0.751690246026588,0.882336243760102,0.862895829942693,0.820513592516718,0.178546148654283,0.310674237949954,q,ch,Pearl Seeker
0.600626494510308,0.238772613587379,0.857645031350447,0.803082234899051,0.851372512455541,0.857629283804842,0.824506756099722,0.887842120249944,0.222109351003085,0.232073081223949,q,ch,Pearl Seeker
0.634729083494982,0.235850651147856,0.808184877153047,0.668879448226191,0.635265390045066,0.649585347042887,0.600597640565721,0.943747923570706,0.246480209811676,0.302986669982652,q,ch,Pearl Seeker
0.532272560211077,0.216710867502138,0.605738689931186,0.649724453089566,0.867256660494944,0.672461052510505,0.706281398165165,0.821069096896267,0.144472260949634,0.303844914156041,q,ch,Pearl Seeker
0.621550536619131,0.249070462833242,0.617319647767535,0.71730986073822,0.6702610112779,0.665866176968941,0.887958840814037,0.923260097185145,0.211375688634419,0.283155020704664,q,ch,Pearl Seeker
0.585788866686029,0.308181000767616,0.808928942110832,0.810643828854549,0.651508172311635,0.750033825622988,0.723587428510231,0.974105393253877,0.226283784243675,0.306500813283196,q,ch,Pearl Seeker
0.523078928435784,0.321127577864682,0.63516117170407,0.701161972669726,0.6428525894443,0.807622094107311,0.661875634150846,0.878371874637605,0.279134955523756,0.240863276679794,q,ch,Pearl Seeker
0.601561012791756,0.283854332233204,0.605437212313719,0.837827434071844,0.62071377189438,0.742276506293086,0.768203488481685,0.925685291322917,0.237726325861575,0.250654476704543,q,ch,Pearl Seeker
0.50199575533169,0.344688732470982,0.760696979804274,0.850835310962175,0.846416508870208,0.852997850336365,0.745528397993862,0.866725679167373,0.258311640518274,0.290258822605851,q,ch,Pearl Seeker
0.536688439280687,0.370994803912295,0.864767963031704,0.739892926842051,0.622709918192936,0.716347826975079,0.841061297838781,0.980354805709246,0.140694548499519,0.213394722405054,q,ch,Pearl Seeker
0.675470090626568,0.277880987795775,0.762528289280269,0.890419743615228,0.619969418374267,0.794495402235629,0.62223162677246,0.8750937856933,0.260762909038689,0.286694446551127,q,ch,Pearl Seeker
0.69943647078059,0.31181185698932,0.696348645790786,0.666033397771426,0.705156160285849,0.711759982127865,0.620614103317188,0.873914839885355,0.192847703947845,0.344547550447761,q,ch,Pearl Seeker
0.631345896944322,0.341753131045831,0.602509104563057,0.665300219874161,0.798505286519957,0.745196810453924,0.601594042700504,0.960898928486365,0.254561914658067,0.309683832598713,q,ch,Pearl Seeker
0.513292665155254,0.353303009906517,0.775114076319409,0.834587993147388,0.825524097718752,0.840900621587351,0.755402419921388,0.828064903638703,0.234231494675938,0.324094757010394,q,ch,Pearl Seeker
0.648450637439817,0.233976201210147,0.658492559970087,0.867122855165799,0.824993339535621,0.872468546610097,0.827614596349176,0.91943106119806,0.230826547405575,0.377825584788002,q,ch,Pearl Seeker
0.615761350902388,0.326478264865678,0.64694301480108,0.742176366034831,0.81491913358743,0.68128280949491,0.66067625415736,0.862765361644883,0.148300125598567,0.242982527407279,q,ch,Pearl Seeker
0.584970168573617,0.381567702776707,0.752117894021616,0.656376114244597,0.623091500814262,0.808846843541378,0.714839629330916,0.964366189317072,0.231902153728154,0.359248290108274,q,ch,Pearl Seeker
0.55438920788369,0.338471784492212,0.679218595408116,0.881720543835088,0.790912284460012,0.697353540052603,0.680853558687682,0.838185317014329,0.238928191778746,0.243743122599585,q,ch,Pearl Seeker
0.619060653185498,0.252927005385072,0.798590683438161,0.844481918562162,0.833407572943396,0.828255399279235,0.656316721707676,0.817676989396904,0.239789765697477,0.27366944275887,q,ch,Pearl Seeker
0.58646924528067,0.206229818558678,0.677872934782515,0.610102921162339,0.863755731780374,0.673019004965559,0.767201150871902,0.807795864132226,0.233369478261132,0.264605469150819,q,ch,Pearl Seeker
0.679583837391533,0.377623637786807,0.697587185508524,0.87028826870714,0.898847302049634,0.847624699237184,0.853461404326569,0.849801747221818,0.215340479771551,0.213451182793474,q,ch,Pearl Seeker
0.518983587364334,0.399778522406658,0.697991774827773,0.824455173614654,0.841999515908045,0.857406981302169,0.899288489220647,0.848299297051374,0.10807016537194,0.282238303598917,q,ch,Pearl Seeker
0.526016133965789,0.204485177832411,0.708128048142446,0.835121475322571,0.769854207367521,0.693833396763106,0.796302601647816,0.846403636061762,0.102876289214417,0.352870677287286,q,ch,Pearl Seeker
0.624748616972802,0.352460524900192,0.6116814050063,0.851135888349196,0.785857860010891,0.769018605213792,0.78738421443436,0.972886649373673,0.217387301311781,0.316190075977636,q,ch,Pearl Seeker
0.698135831413153,0.351346033413714,0.732688141635341,0.812219100009878,0.716769141507537,0.66866263874505,0.779055563066328,0.98563641962279,0.285827904003093,0.268381055621098,q,ch,Pearl Seeker
0.605535493244339,0.242327179713972,0.898689332849665,0.894335372360381,0.794852678912234,0.841324217903242,0.81453004838511,0.918631643807894,0.11066959939778,0.290952868510532,q,ch,Pearl Seeker
0.634957260433482,0.335506322776737,0.711936785526715,0.882507595997409,0.650207109671034,0.750107833864668,0.807265192965247,0.939427161178362,0.229727791353763,0.255057642690372,q,ch,Pearl Seeker
0.531241313737324,0.327188065365342,0.779790634841831,0.653806803086772,0.811541743671169,0.736551597520097,0.800328177480946,0.96747341595403,0.133945685715385,0.203828973599367,q,ch,Pearl Seeker
0.655820517279157,0.321939485030523,0.809891870886637,0.851446492496593,0.84084328044735,0.888276044078648,0.760780523655636,0.897699126531981,0.180377439978146,0.230738208568841,q,ch,Pearl Seeker
0.614521446576405,0.255402504865196,0.876392253663893,0.774957241283129,0.777852054152433,0.706477398263103,0.615596805593312,0.806348753074598,0.18466702883064,0.216913075619448,q,ch,Pearl Seeker
0.621369391108028,0.376194601127932,0.864874444955617,0.79771362303967,0.663369549441879,0.858899049407662,0.865828030593963,0.839330716990592,0.247485217154135,0.257303909785425,q,ch,Pearl Seeker
0.660528062470586,0.399447579980721,0.609007801598818,0.86920975973728,0.786789160079597,0.892014785749446,0.739502855257928,0.969477586114275,0.112478813719655,0.267055810015659,q,ch,Pearl Seeker
0.513403307550242,0.395068626695814,0.845092172181551,0.855764226373791,0.881389569430168,0.625531045835936,0.715679277754,0.814206977808801,0.142158620310006,0.245873155407535,q,ch,Pearl Seeker
0.593821442209516,0.253712433490729,0.630293432045328,0.650247326728232,0.644182669065627,0.891923039373689,0.827787752075542,0.993552293053913,0.187948097301582,0.255673696332531,q,ch,Pearl Seeker
0.659658639441837,0.265250783608229,0.689815012111605,0.669751797662349,0.638903693467271,0.67693891830503,0.706595924542166,0.934798841629146,0.11251296844389,0.242101387933069,q,ch,Pearl Seeker
0.661804728058335,0.229384384716754,0.702793543956756,0.859397676557442,0.646477593343033,0.624821050685457,0.745361398524003,0.860483902255707,0.212681672896771,0.360760978096695,q,ch,Pearl Seeker
0.527429697630549,0.316139816910857,0.751652628116959,0.64322363580396,0.787199545658695,0.682092125358232,0.746350295563204,0.816454464855412,0.191916811442725,0.261292693608564,q,ch,Pearl Seeker
0.873357181677803,0.0113957453994737,0.883721454983666,0.891686284826288,0.945001215259824,0.914857515018042,0.933442467438836,0.955409857130351,0.972440594731638,0.862775099344494,q,ch,Pearl Seeker
0.830703405804586,0.16802161568784,0.997890226193011,0.977903862208753,0.874293452524875,0.83903330344373,0.897878507481318,0.948328290367208,0.89851381415066,0.896636172662734,q,ch,Pearl Seeker
0.87573456316227,0.0722807558134373,0.971958934962329,0.881360960190345,0.865646621135668,0.89079798223994,0.952489391734974,0.825200405572799,0.839283843174404,0.990288965132618,q,ch,Pearl Seeker
0.776323744107204,0.113545463586211,0.915862893332388,0.897924892410049,0.928949049715364,0.845965345159524,0.91053245355535,0.87443465104938,0.932333451925838,0.82824470867463,q,ch,Pearl Seeker
0.835631612525921,0.0370540710766647,0.855728612623007,0.843741960064717,0.836567555973763,0.965142190312133,0.857141513532178,0.98542475637289,0.993985305069038,0.91425209398742,q,ch,Pearl Seeker
0.771450168399859,0.0749096486759163,0.959546452669643,0.873478145739414,0.817403443660558,0.911356982185638,0.969024170299207,0.959185277428701,0.835024628026071,0.934552922882493,q,ch,Pearl Seeker
0.783075639515347,0.0436415069104345,0.974814354661037,0.849933790548046,0.852649469303602,0.80013067815226,0.974133806825104,0.958518962641827,0.925465787018136,0.950053152787769,q,ch,Pearl Seeker
0.772807285113674,0.0916647189175151,0.870243877469756,0.818755305251403,0.897226097042985,0.984147930068527,0.808011823810139,0.858292182698759,0.841508187241141,0.847629330733139,q,ch,Pearl Seeker
0.886265182781906,0.093613810846858,0.893259882587964,0.952115128491057,0.830898440800985,0.89745307082001,0.885997042824212,0.919382138109331,0.999911540650088,0.95388977881641,q,ch,Pearl Seeker
0.809679855452614,0.165510610454809,0.834141672662496,0.806092737261792,0.840889674492855,0.868082311222852,0.902116151491912,0.92302582810824,0.982121143442884,0.901970801910092,q,ch,Pearl Seeker
0.825191346693859,0.0100486019645964,0.806982310531245,0.910231992383275,0.887635722649669,0.96783607899606,0.832135916942369,0.80499433242341,0.889807753586025,0.847495711350452,q,ch,Pearl Seeker
0.757442156000826,0.144919657369526,0.82231859999145,0.921663900001554,0.856209950033378,0.834699210071004,0.875950304583864,0.960289155244591,0.878418715380915,0.950153929842211,q,ch,Pearl Seeker
0.768822944519873,0.154554283933016,0.84738666498133,0.935478625977775,0.913156310968199,0.985828943442338,0.877464503595063,0.813233037766888,0.803831097110251,0.965371712194551,q,ch,Pearl Seeker
0.828710345649215,0.15504881036699,0.846885120002303,0.869016749102647,0.806020774442264,0.992298464914822,0.933573581340163,0.986641017551861,0.853099281485815,0.922292722245132,q,ch,Pearl Seeker
0.851774995243896,0.0635099400515177,0.969621847003126,0.98943229258005,0.976971023539201,0.947813395187875,0.855492935944991,0.856323208421126,0.992672064089208,0.802056899187138,q,ch,Pearl Seeker
0.857407495986322,0.141249232511052,0.92453790818996,0.998021769217373,0.862375887152745,0.86799437275865,0.815787880589311,0.888559627308748,0.85220970524697,0.868677340435529,q,ch,Pearl Seeker
0.875185768538344,0.187096902705499,0.837146614401037,0.874501786310693,0.985726112423079,0.812361692137845,0.818472105622276,0.832558197841246,0.919042566825375,0.8300944542012,q,ch,Pearl Seeker
0.89521145721761,0.0893429054517041,0.900303592070033,0.849331723161081,0.894192050486947,0.932382726527402,0.950235427390809,0.950773616541983,0.915578222538818,0.980871954998771,q,ch,Pearl Seeker
0.872611177095916,0.151409622939725,0.811121104336092,0.80137559244393,0.842489455439095,0.932704718782691,0.882239497776509,0.880481251859862,0.976917377645923,0.979112569626368,q,ch,Pearl Seeker
0.886376289608038,0.0627756153030055,0.938211162547852,0.854326636254874,0.83812196661489,0.836926491469474,0.868421524172719,0.885991523955964,0.966189834211014,0.823978218694543,q,ch,Pearl Seeker
0.860238877109234,0.106290982837861,0.857589068535199,0.898563916906565,0.859988413955405,0.919216391047661,0.886768784571049,0.832881105815776,0.823316614911139,0.909339136414426,q,ch,Pearl Seeker
0.885361954992916,0.0687915373115371,0.946600021444525,0.931732270987953,0.986310982861896,0.964196203459828,0.913321051781093,0.931406099646821,0.979677293316807,0.879903756917387,q,ch,Pearl Seeker
0.799019205878667,0.0021622167270392,0.965310214838293,0.960196140080673,0.82089090362003,0.91537147622654,0.892796339633378,0.823741819101822,0.996113645412145,0.842939177492671,q,ch,Pearl Seeker
0.760085127013584,0.118969475900382,0.947773335426607,0.806488689209437,0.931743527745405,0.906458375190291,0.82065300177501,0.834504775389273,0.913594859463216,0.859271522702658,q,ch,Pearl Seeker
0.890747359297697,0.16374804589681,0.996713441302733,0.851934167790083,0.993944726559595,0.886246773958312,0.869503759062751,0.810069905393871,0.810553051571921,0.938402251189331,q,ch,Pearl Seeker
0.818689349165104,0.0453043252072211,0.922794061265047,0.850571623650022,0.915526350868885,0.871841749396538,0.964710445322364,0.964139232153356,0.89547007962448,0.870163821867003,q,ch,Pearl Seeker
0.804383969483864,0.161142905133644,0.865635896559522,0.841811874741369,0.816937668375061,0.893338624176882,0.896426419783968,0.968181742080581,0.844247739289213,0.87619825473368,q,ch,Pearl Seeker
0.871260860834054,0.164724722149795,0.876922215195754,0.891824804657336,0.860657178169857,0.986510975683862,0.823728753148316,0.986749884600294,0.936773290367069,0.906314430537346,q,ch,Pearl Seeker
0.754898859117674,0.0951192383644017,0.881549621000547,0.832243762395025,0.931281920700131,0.994230181473657,0.912437762212905,0.942950655288789,0.813690090513203,0.883533399163399,q,ch,Pearl Seeker
0.767453772774674,0.122559167107302,0.987696431642831,0.932355546494328,0.815360609662884,0.870933240997017,0.91013267588817,0.88064155122665,0.966728802095034,0.962934200941998,q,ch,Pearl Seeker
0.841774653015483,0.0746915890265411,0.851067274752649,0.821174863642626,0.870979536697311,0.882634503441544,0.935164585020815,0.931631964859515,0.814021627928251,0.879051863086232,q,ch,Pearl Seeker
0.777266830082604,0.0313625410633611,0.965460429947449,0.808383043343252,0.883836575180424,0.833640731153304,0.975866043135695,0.911408102655007,0.84627612727537,0.900485457433275,q,ch,Pearl Seeker
0.859722953955467,0.191623601783887,0.844089200849084,0.977236354425869,0.986860822833498,0.983284108906413,0.927082871372382,0.925964130886942,0.880642126636765,0.950479576460758,q,ch,Pearl Seeker
0.82969410275264,0.135487614245659,0.885691580769759,0.946299292808628,0.96489430352091,0.829287251320563,0.966585943114846,0.908059306358061,0.968933181818045,0.886260341268203,q,ch,Pearl Seeker
0.806856072807455,0.183012146503445,0.85023385350968,0.968842465057229,0.896804114501881,0.902819088510252,0.861693656297897,0.914608440123803,0.865042239255242,0.807853882848331,q,ch,Pearl Seeker
0.790799790801653,0.0012758086813181,0.995670957411371,0.99314944196395,0.879031059494461,0.945674170867929,0.869161219682085,0.934218631417195,0.961086008609196,0.989351248938448,q,ch,Pearl Seeker
0.810031841377451,0.15665959659121,0.853185690126424,0.99806646075873,0.80515391975287,0.920705761300224,0.931901196330266,0.937609111414826,0.824077515757818,0.987705956694626,q,ch,Pearl Seeker
0.777177491857512,0.124550680647968,0.844535215824617,0.861443283404254,0.909291708345625,0.883438683712915,0.832045120195301,0.83418728048417,0.88362895763256,0.9514565956551,q,ch,Pearl Seeker
0.884694697027168,0.0168255324518766,0.87862078151188,0.820049112744575,0.80331849612652,0.932343736528791,0.920489888393318,0.832603822762977,0.846762566618613,0.804741550728904,q,ch,Pearl Seeker
0.875242080854161,0.19493811920971,0.827091907358938,0.84629504275306,0.973681904789387,0.985292759591237,0.883925476561362,0.810124494453815,0.807878366738564,0.914789973213802,q,ch,Pearl Seeker
0.808934266333977,0.0057304855155309,0.916650478462511,0.802260507317805,0.957474391629855,0.861286564540674,0.808051600601846,0.917670444196631,0.879536882886611,0.99476008267143,q,ch,Pearl Seeker
0.831629799375555,0.0550478362074017,0.941887772926795,0.854298400508542,0.980848658281513,0.874944394101475,0.909973712555241,0.810114620764846,0.885224247590446,0.966472707932199,q,ch,Pearl Seeker
0.870847320804501,0.0448637117707053,0.845215814202113,0.963461062442647,0.986079684033865,0.819072184254601,0.890011727885245,0.867490855792846,0.974137691091488,0.816704982936004,q,ch,Pearl Seeker
0.781668891383706,0.150493667517299,0.810258769796243,0.898507076142858,0.888421406935944,0.86688023579775,0.878914463063785,0.905988117386047,0.832273471677677,0.914399175656719,q,ch,Pearl Seeker
0.870814849394998,0.152032185958032,0.830779980938755,0.829849893948295,0.853634873548983,0.872214945268208,0.881691116281697,0.935939443366669,0.811336086433167,0.806934540845213,q,ch,Pearl Seeker
0.808786584441586,0.139432738427596,0.838687068591297,0.92830089625125,0.85196562758806,0.977217221762703,0.979137988853323,0.859457440856265,0.845998750792648,0.882260794413246,q,ch,Pearl Seeker
0.786079737777022,0.134476768658341,0.965212936909657,0.934618426182243,0.96487008944987,0.879398432441495,0.831263394141772,0.947590189479519,0.872094901028311,0.934254165045827,q,ch,Pearl Seeker
0.790596591297265,0.0162459269613345,0.998516359097553,0.83124030158612,0.997684198792696,0.99545598651329,0.958763620781608,0.9318845924164,0.915561410050217,0.973220309075567,q,ch,Pearl Seeker
0.793415928242923,0.0935362424969754,0.9238779938733,0.882238095173898,0.885497290818054,0.866056933500417,0.912846363336907,0.970114905603023,0.840305675601263,0.986886607750688,q,ch,Pearl Seeker
0.853363148062235,0.164654642536006,0.911238138526002,0.955903340284813,0.803240079467893,0.963676084955907,0.808027771817073,0.977982675272573,0.998392549447729,0.858813492435356,q,ch,Pearl Seeker
0.587,0.67,0.776,0.689,0.401,0.401,0.338,0.876,0.501,0.589,g,j,Open Sea Navigator
0.41,0.682,0.841,0.438,0.418,0.419,0.498,0.689,0.416,0.36,q,j,Pearl Seeker
0.706,0.184,0.49,0.538,0.596,0.81,0.43,0.683,0.496,0.226,g,g,Pearl Seeker
0.704,0.202,0.342,0.917,0.928,0.825,0.498,0.454,0.542,0.442,g,g,Reef Explorer
0.461,0.397,0.322,0.891,0.468,0.731,0.503,0.686,0.473,0.302,g,j,Pearl Seeker
0.885,0.565,0.911,0.882,0.689,0.899,0.358,0.508,0.223,0.379,g,j,Open Sea Navigator
0.594,0.263,0.839,0.532,0.483,0.653,0.392,0.841,0.237,0.743,g,g,Pearl Seeker
0.786,0.219,0.304,0.83,0.759,0.774,0.801,0.441,0.379,0.264,q,j,Reef Explorer
0.832,0.474,0.515,0.341,0.502,0.511,0.774,0.751,0.644,0.46,q,j,Pearl Seeker
0.46,0.528,0.795,0.665,0.801,0.621,0.64,0.635,0.213,0.259,q,y,Reef Explorer
0.416,0.482,0.504,0.631,0.89,0.462,0.567,0.816,0.314,0.242,g,j,Reef Explorer
0.545,0.197,0.904,0.825,0.712,0.866,0.822,0.503,0.646,0.497,g,j,Reef Explorer
0.804,0.638,0.507,0.372,0.448,0.578,0.832,0.873,0.203,0.481,g,y,Reef Explorer
0.609,0.233,0.378,0.519,0.913,0.51,0.637,0.787,0.382,0.734,q,j,Open Sea Navigator
0.881,0.251,0.623,0.496,0.485,0.324,0.696,0.676,0.226,0.353,q,g,Pearl Seeker
0.854,0.244,0.394,0.618,0.941,0.457,0.737,0.819,0.319,0.601,q,j,Open Sea Navigator
0.584,0.479,0.712,0.648,0.359,0.843,0.509,0.503,0.22,0.525,q,g,Open Sea Navigator
0.739,0.11,0.633,0.447,0.719,0.413,0.749,0.613,0.668,0.276,q,g,Pearl Seeker
0.571,0.168,0.901,0.87,0.468,0.729,0.831,0.705,0.465,0.333,g,j,Open Sea Navigator
0.447,0.638,0.885,0.712,0.52,0.527,0.772,0.893,0.644,0.629,g,y,Pearl Seeker
0.721,0.15,0.405,0.884,0.694,0.306,0.366,0.765,0.203,0.288,g,j,Reef Explorer
0.674,0.515,0.724,0.446,0.763,0.454,0.512,0.811,0.525,0.667,q,y,Open Sea Navigator
0.729,0.441,0.361,0.539,0.472,0.459,0.932,0.616,0.646,0.547,q,j,Reef Explorer
0.797,0.402,0.675,0.62,0.427,0.77,0.483,0.413,0.523,0.297,q,j,Open Sea Navigator
0.87,0.672,0.895,0.541,0.31,0.903,0.578,0.932,0.682,0.669,q,g,Open Sea Navigator
0.547,0.331,0.853,0.506,0.41,0.662,0.909,0.783,0.485,0.253,g,g,Open Sea Navigator
0.708,0.694,0.391,0.637,0.87,0.781,0.753,0.786,0.38,0.361,g,g,Open Sea Navigator
0.805,0.586,0.864,0.894,0.632,0.626,0.819,0.757,0.551,0.638,g,j,Reef Explorer
0.845,0.303,0.544,0.361,0.676,0.323,0.603,0.698,0.343,0.525,q,y,Open Sea Navigator
0.415,0.122,0.835,0.534,0.383,0.639,0.8,0.519,0.511,0.247,g,g,Reef Explorer
0.426,0.419,0.651,0.714,0.772,0.934,0.636,0.578,0.598,0.349,g,j,Pearl Seeker
0.619,0.147,0.316,0.926,0.843,0.752,0.566,0.495,0.278,0.338,q,y,Reef Explorer
0.675,0.529,0.729,0.482,0.921,0.78,0.66,0.736,0.41,0.336,g,j,Open Sea Navigator
0.578,0.555,0.309,0.375,0.33,0.326,0.856,0.787,0.437,0.254,q,j,Open Sea Navigator
0.646,0.384,0.413,0.582,0.559,0.7,0.713,0.425,0.387,0.544,q,y,Open Sea Navigator
0.652,0.614,0.728,0.406,0.346,0.718,0.317,0.722,0.67,0.517,q,j,Reef Explorer
0.594,0.486,0.598,0.655,0.912,0.551,0.925,0.898,0.298,0.238,g,j,Open Sea Navigator
0.45,0.111,0.361,0.744,0.346,0.507,0.849,0.413,0.607,0.355,q,g,Open Sea Navigator
0.459,0.518,0.709,0.87,0.778,0.822,0.483,0.498,0.575,0.644,q,g,Reef Explorer
0.895,0.348,0.542,0.805,0.522,0.905,0.858,0.636,0.575,0.615,q,j,Pearl Seeker
0.452,0.642,0.628,0.837,0.508,0.882,0.553,0.406,0.653,0.25,q,j,Pearl Seeker
0.56,0.67,0.918,0.673,0.711,0.591,0.491,0.581,0.536,0.614,g,j,Open Sea Navigator
0.796,0.574,0.359,0.621,0.337,0.657,0.587,0.888,0.375,0.264,g,g,Reef Explorer
0.471,0.557,0.702,0.366,0.355,0.756,0.347,0.852,0.553,0.245,g,y,Reef Explorer
0.442,0.692,0.543,0.541,0.828,0.916,0.941,0.814,0.388,0.246,q,g,Reef Explorer
0.789,0.435,0.576,0.889,0.372,0.62,0.307,0.658,0.228,0.265,g,g,Open Sea Navigator
0.459,0.49,0.785,0.679,0.925,0.544,0.486,0.878,0.312,0.73,g,g,Open Sea Navigator
0.406,0.682,0.328,0.879,0.643,0.945,0.348,0.705,0.685,0.488,q,g,Reef Explorer
0.715,0.517,0.595,0.708,0.68,0.886,0.33,0.555,0.675,0.69,g,y,Reef Explorer
0.628,0.472,0.48,0.422,0.601,0.53,0.679,0.443,0.687,0.742,g,y,Pearl Seeker
